{
    "FT2D": {
        "Background": {
            "Images": {
                "Image to Spatial": 4.336480332714894,
                "Source to Artifact": 3.721768265421402,
                "Source to Distortion": 2.829257244001684,
                "Source to Interference": 19.41337636084151
            },
            "Sources": {
                "Source to Artifact": 2.7920948261722334,
                "Source to Distortion": 2.763027747157052,
                "Source to Interference": 26.356254885904676
            }
        },
        "Permutation": [
            0,
            1
        ],
        "Vocals": {
            "Images": {
                "Image to Spatial": 14.893342656739428,
                "Source to Artifact": 7.30341002981294,
                "Source to Distortion": -0.8276338789935018,
                "Source to Interference": 0.9078011536323655
            },
            "Sources": {
                "Source to Artifact": 6.06849880713781,
                "Source to Distortion": -0.45449107720265636,
                "Source to Interference": 1.5991297435092477
            }
        }
    },
    "Ideal binary mask": {
        "Background": {
            "Images": {
                "Image to Spatial": 20.604351662775187,
                "Source to Artifact": 12.181575695524788,
                "Source to Distortion": 11.637393187189875,
                "Source to Interference": 24.991076597067597
            },
            "Sources": {
                "Source to Artifact": 12.065692420714418,
                "Source to Distortion": 11.83422876261874,
                "Source to Interference": 24.944314047169428
            }
        },
        "Permutation": [
            0,
            1
        ],
        "Vocals": {
            "Images": {
                "Image to Spatial": 28.576281456911406,
                "Source to Artifact": 14.417044590613175,
                "Source to Distortion": 13.205794509466335,
                "Source to Interference": 19.25885390285317
            },
            "Sources": {
                "Source to Artifact": 14.037751561231,
                "Source to Distortion": 12.862765182717357,
                "Source to Interference": 19.28263922544279
            }
        }
    },
    "Melodia": {
        "Background": {
            "Images": {
                "Image to Spatial": 7.063154515032966,
                "Source to Artifact": 4.967667699407344,
                "Source to Distortion": 3.474826892083602,
                "Source to Interference": 14.96322621098718
            },
            "Sources": {
                "Source to Artifact": 4.326838970154627,
                "Source to Distortion": 3.8900036456255367,
                "Source to Interference": 15.446071905180272
            }
        },
        "Permutation": [
            0,
            1
        ],
        "Vocals": {
            "Images": {
                "Image to Spatial": 14.607134752490069,
                "Source to Artifact": 8.364155840085424,
                "Source to Distortion": 4.491266008784874,
                "Source to Interference": 9.040122744601836
            },
            "Sources": {
                "Source to Artifact": 7.360593598961036,
                "Source to Distortion": 4.984595207134977,
                "Source to Interference": 9.470103291292812
            }
        }
    },
    "Overlap-Add: FT2D": {
        "Background": {
            "Images": {
                "Image to Spatial": 4.575882647614048,
                "Source to Artifact": 3.8187670315747964,
                "Source to Distortion": 2.962860331519452,
                "Source to Interference": 18.849947155467042
            },
            "Sources": {
                "Source to Artifact": 2.920525777902712,
                "Source to Distortion": 2.8080702331838587,
                "Source to Interference": 20.52325503604513
            }
        },
        "Permutation": [
            0,
            1
        ],
        "Vocals": {
            "Images": {
                "Image to Spatial": 15.301617808923174,
                "Source to Artifact": 7.384326044287645,
                "Source to Distortion": -0.8555580952718506,
                "Source to Interference": 1.5882330773210946
            },
            "Sources": {
                "Source to Artifact": 6.173768165373543,
                "Source to Distortion": 0.0598157014225255,
                "Source to Interference": 2.217421798254543
            }
        }
    },
    "Overlap-Add: REPET": {
        "Background": {
            "Images": {
                "Image to Spatial": 6.481079544217717,
                "Source to Artifact": 4.25332264752387,
                "Source to Distortion": 3.032738676791788,
                "Source to Interference": 16.395833862389235
            },
            "Sources": {
                "Source to Artifact": 3.166558368450854,
                "Source to Distortion": 2.885729714371231,
                "Source to Interference": 16.62826497612918
            }
        },
        "Permutation": [
            0,
            1
        ],
        "Vocals": {
            "Images": {
                "Image to Spatial": 12.653863736435536,
                "Source to Artifact": 7.750418495136312,
                "Source to Distortion": 3.160958246248353,
                "Source to Interference": 8.641681222960981
            },
            "Sources": {
                "Source to Artifact": 6.376974650156844,
                "Source to Distortion": 4.81672657275566,
                "Source to Interference": 10.919552926377271
            }
        }
    },
    "REPET": {
        "Background": {
            "Images": {
                "Image to Spatial": 5.641665766343122,
                "Source to Artifact": 4.423427309557859,
                "Source to Distortion": 3.2158232067490164,
                "Source to Interference": 20.524531420078137
            },
            "Sources": {
                "Source to Artifact": 3.379207657596091,
                "Source to Distortion": 3.2638464684639783,
                "Source to Interference": 20.72003691081717
            }
        },
        "Permutation": [
            0,
            1
        ],
        "Vocals": {
            "Images": {
                "Image to Spatial": 12.178607449832748,
                "Source to Artifact": 7.895263267557137,
                "Source to Distortion": 1.9302791781269595,
                "Source to Interference": 6.310457932352346
            },
            "Sources": {
                "Source to Artifact": 6.5541961259200265,
                "Source to Distortion": 3.6648580097417383,
                "Source to Interference": 7.667082842893662
            }
        }
    },
    "REPET-SIM": {
        "Background": {
            "Images": {
                "Image to Spatial": 6.068716103939088,
                "Source to Artifact": 4.153706772463912,
                "Source to Distortion": 3.0144938924973785,
                "Source to Interference": 18.247787407846936
            },
            "Sources": {
                "Source to Artifact": 3.128197486442267,
                "Source to Distortion": 2.9352758230301736,
                "Source to Interference": 18.277380665548375
            }
        },
        "Permutation": [
            0,
            1
        ],
        "Vocals": {
            "Images": {
                "Image to Spatial": 11.903713655919095,
                "Source to Artifact": 7.665990235391618,
                "Source to Distortion": 2.633028885819021,
                "Source to Interference": 7.915136656964352
            },
            "Sources": {
                "Source to Artifact": 6.345159828477842,
                "Source to Distortion": 4.4117641909291985,
                "Source to Interference": 9.76339348764622
            }
        }
    }
}